Gene (bp),CDS Coord (5' to 3'),PP (aa),CDS (bp),pI,SL No,Chr. No,Locus,MW (kDa),Gene Name,Strand
1271,35302140-35303410,217,654,8.87188720703125,1,5,Glyma.05G161300.1,25535.382700000016,SlGSTU5,+
Gene (bp),CDS Coord (5' to 3'),PP (aa),CDS (bp),pI,SL No,Chr. No,Locus,MW (kDa),Gene Name,Strand
1077,16591957-16593033,229,690,5.77923583984375,2,7,Glyma.07G139900.1,26573.39850000001,SlGSTU5,+
Gene (bp),CDS Coord (5' to 3'),PP (aa),CDS (bp),pI,SL No,Chr. No,Locus,MW (kDa),Gene Name,Strand
1128,16595865-16596992,225,678,6.92047119140625,3,7,Glyma.07G140000.1,26120.96670000001,SlGSTU5,+
Gene (bp),CDS Coord (5' to 3'),PP (aa),CDS (bp),pI,SL No,Chr. No,Locus,MW (kDa),Gene Name,Strand
1931,35306224-35308154,229,690,6.40106201171875,4,5,Glyma.05G161500.1,26468.49310000002,SlGSTU5,+
Gene (bp),CDS Coord (5' to 3'),PP (aa),CDS (bp),pI,SL No,Chr. No,Locus,MW (kDa),Gene Name,Strand
1154,42520164-42521317,223,672,5.42779541015625,5,10,Glyma.10G192900.1,26343.02130000003,SlGSTU5,-
Gene (bp),CDS Coord (5' to 3'),PP (aa),CDS (bp),pI,SL No,Chr. No,Locus,MW (kDa),Gene Name,Strand
312,8814371-8814682,103,312,6.72747802734375,6,4,Glyma.04G097300.1,12029.80099999999,SlGSTU5,+
Gene (bp),CDS Coord (5' to 3'),PP (aa),CDS (bp),pI,SL No,Chr. No,Locus,MW (kDa),Gene Name,Strand
Gene (bp),CDS Coord (5' to 3'),PP (aa),CDS (bp),pI,SL No,Chr. No,Locus,MW (kDa),Gene Name,Strand
2611,164511-167121,420,1263,6.10003662109375,8,17,Glyma.17G001400.4,47742.27150000002,SlGSTU5,+
Gene (bp),CDS Coord (5' to 3'),PP (aa),CDS (bp),pI,SL No,Chr. No,Locus,MW (kDa),Gene Name,Strand
Gene (bp),CDS Coord (5' to 3'),PP (aa),CDS (bp),pI,SL No,Chr. No,Locus,MW (kDa),Gene Name,Strand
2738,164384-167121,384,1155,5.99993896484375,9,17,Glyma.17G001400.3,43806.81140000002,SlGSTU5,+
Gene (bp),CDS Coord (5' to 3'),PP (aa),CDS (bp),pI,SL No,Chr. No,Locus,MW (kDa),Gene Name,Strand
Gene (bp),CDS Coord (5' to 3'),PP (aa),CDS (bp),pI,SL No,Chr. No,Locus,MW (kDa),Gene Name,Strand
1305,48002286-48003590,221,666,5.37811279296875,11,15,Glyma.15G251900.2,25983.656700000014,SlGSTU5,-
Gene (bp),CDS Coord (5' to 3'),PP (aa),CDS (bp),pI,SL No,Chr. No,Locus,MW (kDa),Gene Name,Strand
1539,48002286-48003824,221,666,5.37811279296875,10,15,Glyma.15G251900.1,25983.656700000014,SlGSTU5,-
Gene (bp),CDS Coord (5' to 3'),PP (aa),CDS (bp),pI,SL No,Chr. No,Locus,MW (kDa),Gene Name,Strand
1607,38193541-38195147,102,309,6.27777099609375,12,14,Glyma.14G161500.1,11482.023499999985,SlGSTU5,+
Gene (bp),CDS Coord (5' to 3'),PP (aa),CDS (bp),pI,SL No,Chr. No,Locus,MW (kDa),Gene Name,Strand
1075,42908973-42910047,221,666,5.47735595703125,13,2,Glyma.02G240600.1,25110.312200000008,SlGSTU5,-
Gene (bp),CDS Coord (5' to 3'),PP (aa),CDS (bp),pI,SL No,Chr. No,Locus,MW (kDa),Gene Name,Strand
1271,16597814-16599084,225,678,5.17401123046875,14,7,Glyma.07G140100.1,25773.372300000003,SlGSTU5,+
Gene (bp),CDS Coord (5' to 3'),PP (aa),CDS (bp),pI,SL No,Chr. No,Locus,MW (kDa),Gene Name,Strand
2512,17163370-17165881,235,708,5.84991455078125,15,6,Glyma.06G193500.1,26602.57230000002,SlGSTU5,+
Gene (bp),CDS Coord (5' to 3'),PP (aa),CDS (bp),pI,SL No,Chr. No,Locus,MW (kDa),Gene Name,Strand
2438,48037370-48039807,219,660,5.58111572265625,16,15,Glyma.15G252200.1,25900.674900000024,SlGSTU5,-
Gene (bp),CDS Coord (5' to 3'),PP (aa),CDS (bp),pI,SL No,Chr. No,Locus,MW (kDa),Gene Name,Strand
300,4476252-4476551,99,300,6.07794189453125,17,18,Glyma.18G051900.1,11255.008299999989,SlGSTU5,-
Gene (bp),CDS Coord (5' to 3'),PP (aa),CDS (bp),pI,SL No,Chr. No,Locus,MW (kDa),Gene Name,Strand
2268,13954182-13956449,183,552,5.80535888671875,18,8,Glyma.08G174600.1,21820.018100000012,SlGSTU5,+
Gene (bp),CDS Coord (5' to 3'),PP (aa),CDS (bp),pI,SL No,Chr. No,Locus,MW (kDa),Gene Name,Strand
1002,13976999-13978000,207,624,7.57147216796875,19,8,Glyma.08G175100.1,24238.710400000018,SlGSTU5,-
Gene (bp),CDS Coord (5' to 3'),PP (aa),CDS (bp),pI,SL No,Chr. No,Locus,MW (kDa),Gene Name,Strand
1995,16602760-16604754,221,666,5.87872314453125,20,7,Glyma.07G140200.1,25354.053199999995,SlGSTU5,+
Gene (bp),CDS Coord (5' to 3'),PP (aa),CDS (bp),pI,SL No,Chr. No,Locus,MW (kDa),Gene Name,Strand
1271,17161248-17162518,115,348,9.34381103515625,21,6,Glyma.06G193400.1,13618.835399999985,SlGSTU5,+
Gene (bp),CDS Coord (5' to 3'),PP (aa),CDS (bp),pI,SL No,Chr. No,Locus,MW (kDa),Gene Name,Strand
2027,24212927-24214953,223,672,5.17852783203125,22,13,Glyma.13G129000.1,26021.846400000028,SlGSTU5,-
Gene (bp),CDS Coord (5' to 3'),PP (aa),CDS (bp),pI,SL No,Chr. No,Locus,MW (kDa),Gene Name,Strand
4831,47618364-47623194,233,702,6.05120849609375,23,1,Glyma.01G142800.1,26488.1152,SlGSTU5,-
Gene (bp),CDS Coord (5' to 3'),PP (aa),CDS (bp),pI,SL No,Chr. No,Locus,MW (kDa),Gene Name,Strand
Gene (bp),CDS Coord (5' to 3'),PP (aa),CDS (bp),pI,SL No,Chr. No,Locus,MW (kDa),Gene Name,Strand
3200,4274353-4277552,180,543,5.04913330078125,25,10,Glyma.10G047700.2,20267.73709999999,SlGSTU5,+
Gene (bp),CDS Coord (5' to 3'),PP (aa),CDS (bp),pI,SL No,Chr. No,Locus,MW (kDa),Gene Name,Strand
3200,4274353-4277552,237,714,5.33563232421875,24,10,Glyma.10G047700.1,27089.4818,SlGSTU5,+
Gene (bp),CDS Coord (5' to 3'),PP (aa),CDS (bp),pI,SL No,Chr. No,Locus,MW (kDa),Gene Name,Strand
9651,17290689-17300339,142,429,5.13873291015625,26,18,Glyma.18G128400.1,16979.2094,SlGSTU5,-
Gene (bp),CDS Coord (5' to 3'),PP (aa),CDS (bp),pI,SL No,Chr. No,Locus,MW (kDa),Gene Name,Strand
1792,35304158-35305949,224,675,6.15765380859375,27,5,Glyma.05G161400.1,26222.224900000023,SlGSTU5,+
Gene (bp),CDS Coord (5' to 3'),PP (aa),CDS (bp),pI,SL No,Chr. No,Locus,MW (kDa),Gene Name,Strand
705,24215599-24216303,200,603,6.00360107421875,28,13,Glyma.13G129100.1,23264.895100000016,SlGSTU5,-
Gene (bp),CDS Coord (5' to 3'),PP (aa),CDS (bp),pI,SL No,Chr. No,Locus,MW (kDa),Gene Name,Strand
2806,44538162-44540967,420,1263,5.86224365234375,29,7,Glyma.07G273500.1,47742.23350000003,SlGSTU5,-
Gene (bp),CDS Coord (5' to 3'),PP (aa),CDS (bp),pI,SL No,Chr. No,Locus,MW (kDa),Gene Name,Strand
1728,9175617-9177344,226,681,7.74285888671875,30,8,Glyma.08G118700.1,26198.158700000025,SlGSTU5,+
Gene (bp),CDS Coord (5' to 3'),PP (aa),CDS (bp),pI,SL No,Chr. No,Locus,MW (kDa),Gene Name,Strand
942,3118715-3119656,218,657,6.02777099609375,31,17,Glyma.17G042000.1,25359.041600000015,SlGSTU5,-
Gene (bp),CDS Coord (5' to 3'),PP (aa),CDS (bp),pI,SL No,Chr. No,Locus,MW (kDa),Gene Name,Strand
444,6861279-6861722,123,372,5.38360595703125,32,7,Glyma.07G075600.1,13946.067399999984,SlGSTU5,+
Gene (bp),CDS Coord (5' to 3'),PP (aa),CDS (bp),pI,SL No,Chr. No,Locus,MW (kDa),Gene Name,Strand
1566,43661700-43663265,207,621,5.18353271484375,33,19,Glyma.19G177200.1,23488.405099999996,SlGSTU5,+
Gene (bp),CDS Coord (5' to 3'),PP (aa),CDS (bp),pI,SL No,Chr. No,Locus,MW (kDa),Gene Name,Strand
Gene (bp),CDS Coord (5' to 3'),PP (aa),CDS (bp),pI,SL No,Chr. No,Locus,MW (kDa),Gene Name,Strand
4403,363715-368117,219,660,6.79437255859375,35,17,Glyma.17G003300.2,25009.486100000006,SlGSTU5,-
Gene (bp),CDS Coord (5' to 3'),PP (aa),CDS (bp),pI,SL No,Chr. No,Locus,MW (kDa),Gene Name,Strand
4383,363735-368117,219,660,6.79437255859375,34,17,Glyma.17G003300.1,25009.486100000006,SlGSTU5,-
Gene (bp),CDS Coord (5' to 3'),PP (aa),CDS (bp),pI,SL No,Chr. No,Locus,MW (kDa),Gene Name,Strand
1377,34439997-34441373,222,669,6.25726318359375,36,20,Glyma.20G101100.1,25651.345700000016,SlGSTU5,-
Gene (bp),CDS Coord (5' to 3'),PP (aa),CDS (bp),pI,SL No,Chr. No,Locus,MW (kDa),Gene Name,Strand
Gene (bp),CDS Coord (5' to 3'),PP (aa),CDS (bp),pI,SL No,Chr. No,Locus,MW (kDa),Gene Name,Strand
3198,38931530-38934727,219,660,5.94964599609375,38,3,Glyma.03G176300.3,24803.114499999992,SlGSTU5,+
Gene (bp),CDS Coord (5' to 3'),PP (aa),CDS (bp),pI,SL No,Chr. No,Locus,MW (kDa),Gene Name,Strand
Gene (bp),CDS Coord (5' to 3'),PP (aa),CDS (bp),pI,SL No,Chr. No,Locus,MW (kDa),Gene Name,Strand
3198,38931530-38934727,173,522,5.19195556640625,39,3,Glyma.03G176300.2,19483.992399999977,SlGSTU5,+
Gene (bp),CDS Coord (5' to 3'),PP (aa),CDS (bp),pI,SL No,Chr. No,Locus,MW (kDa),Gene Name,Strand
3198,38931530-38934727,235,708,5.72454833984375,37,3,Glyma.03G176300.1,26822.326799999995,SlGSTU5,+
Gene (bp),CDS Coord (5' to 3'),PP (aa),CDS (bp),pI,SL No,Chr. No,Locus,MW (kDa),Gene Name,Strand
1150,7431797-7432946,155,468,6.51934814453125,40,13,Glyma.13G028300.1,17987.5463,SlGSTU5,-
Gene (bp),CDS Coord (5' to 3'),PP (aa),CDS (bp),pI,SL No,Chr. No,Locus,MW (kDa),Gene Name,Strand
3001,24798567-24801567,237,714,5.20660400390625,41,13,Glyma.13G135500.1,27030.537000000004,SlGSTU5,+
Gene (bp),CDS Coord (5' to 3'),PP (aa),CDS (bp),pI,SL No,Chr. No,Locus,MW (kDa),Gene Name,Strand
1943,11317835-11319777,220,663,5.51800537109375,42,4,Glyma.04G107500.1,25197.662900000014,SlGSTU5,+
Gene (bp),CDS Coord (5' to 3'),PP (aa),CDS (bp),pI,SL No,Chr. No,Locus,MW (kDa),Gene Name,Strand
3350,47159346-47162695,213,642,5.81427001953125,43,20,Glyma.20G240300.1,23471.80050000002,SlGSTU5,-
Gene (bp),CDS Coord (5' to 3'),PP (aa),CDS (bp),pI,SL No,Chr. No,Locus,MW (kDa),Gene Name,Strand
5269,48068428-48073696,103,312,4.98321533203125,44,15,Glyma.15G252500.1,12215.797799999986,SlGSTU5,-
Gene (bp),CDS Coord (5' to 3'),PP (aa),CDS (bp),pI,SL No,Chr. No,Locus,MW (kDa),Gene Name,Strand
Gene (bp),CDS Coord (5' to 3'),PP (aa),CDS (bp),pI,SL No,Chr. No,Locus,MW (kDa),Gene Name,Strand
5374,356552-361925,239,720,5.09332275390625,46,17,Glyma.17G003200.9,27302.985500000013,SlGSTU5,-
Gene (bp),CDS Coord (5' to 3'),PP (aa),CDS (bp),pI,SL No,Chr. No,Locus,MW (kDa),Gene Name,Strand
Gene (bp),CDS Coord (5' to 3'),PP (aa),CDS (bp),pI,SL No,Chr. No,Locus,MW (kDa),Gene Name,Strand
5374,356552-361925,238,717,4.96221923828125,47,17,Glyma.17G003200.10,27223.88240000001,SlGSTU5,-
Gene (bp),CDS Coord (5' to 3'),PP (aa),CDS (bp),pI,SL No,Chr. No,Locus,MW (kDa),Gene Name,Strand
Gene (bp),CDS Coord (5' to 3'),PP (aa),CDS (bp),pI,SL No,Chr. No,Locus,MW (kDa),Gene Name,Strand
5374,356552-361925,238,717,4.96221923828125,48,17,Glyma.17G003200.7,27223.88240000001,SlGSTU5,-
Gene (bp),CDS Coord (5' to 3'),PP (aa),CDS (bp),pI,SL No,Chr. No,Locus,MW (kDa),Gene Name,Strand
Gene (bp),CDS Coord (5' to 3'),PP (aa),CDS (bp),pI,SL No,Chr. No,Locus,MW (kDa),Gene Name,Strand
5374,356552-361925,238,717,4.96221923828125,49,17,Glyma.17G003200.8,27223.88240000001,SlGSTU5,-
Gene (bp),CDS Coord (5' to 3'),PP (aa),CDS (bp),pI,SL No,Chr. No,Locus,MW (kDa),Gene Name,Strand
Gene (bp),CDS Coord (5' to 3'),PP (aa),CDS (bp),pI,SL No,Chr. No,Locus,MW (kDa),Gene Name,Strand
5374,356552-361925,235,708,5.00885009765625,50,17,Glyma.17G003200.5,26837.48210000001,SlGSTU5,-
Gene (bp),CDS Coord (5' to 3'),PP (aa),CDS (bp),pI,SL No,Chr. No,Locus,MW (kDa),Gene Name,Strand
Gene (bp),CDS Coord (5' to 3'),PP (aa),CDS (bp),pI,SL No,Chr. No,Locus,MW (kDa),Gene Name,Strand
5374,356552-361925,235,708,5.00885009765625,51,17,Glyma.17G003200.6,26837.48210000001,SlGSTU5,-
Gene (bp),CDS Coord (5' to 3'),PP (aa),CDS (bp),pI,SL No,Chr. No,Locus,MW (kDa),Gene Name,Strand
Gene (bp),CDS Coord (5' to 3'),PP (aa),CDS (bp),pI,SL No,Chr. No,Locus,MW (kDa),Gene Name,Strand
5374,356552-361925,234,705,4.92291259765625,52,17,Glyma.17G003200.3,26709.30980000001,SlGSTU5,-
Gene (bp),CDS Coord (5' to 3'),PP (aa),CDS (bp),pI,SL No,Chr. No,Locus,MW (kDa),Gene Name,Strand
Gene (bp),CDS Coord (5' to 3'),PP (aa),CDS (bp),pI,SL No,Chr. No,Locus,MW (kDa),Gene Name,Strand
5374,356552-361925,234,705,4.92291259765625,53,17,Glyma.17G003200.4,26709.30980000001,SlGSTU5,-
Gene (bp),CDS Coord (5' to 3'),PP (aa),CDS (bp),pI,SL No,Chr. No,Locus,MW (kDa),Gene Name,Strand
Gene (bp),CDS Coord (5' to 3'),PP (aa),CDS (bp),pI,SL No,Chr. No,Locus,MW (kDa),Gene Name,Strand
5374,356552-361925,223,672,5.12518310546875,54,17,Glyma.17G003200.2,25597.123100000008,SlGSTU5,-
Gene (bp),CDS Coord (5' to 3'),PP (aa),CDS (bp),pI,SL No,Chr. No,Locus,MW (kDa),Gene Name,Strand
5374,356552-361925,242,729,5.03729248046875,45,17,Glyma.17G003200.1,27689.38580000001,SlGSTU5,-
Gene (bp),CDS Coord (5' to 3'),PP (aa),CDS (bp),pI,SL No,Chr. No,Locus,MW (kDa),Gene Name,Strand
Gene (bp),CDS Coord (5' to 3'),PP (aa),CDS (bp),pI,SL No,Chr. No,Locus,MW (kDa),Gene Name,Strand
1984,9178070-9180053,225,678,5.64776611328125,56,8,Glyma.08G118800.2,26181.025000000016,SlGSTU5,+
Gene (bp),CDS Coord (5' to 3'),PP (aa),CDS (bp),pI,SL No,Chr. No,Locus,MW (kDa),Gene Name,Strand
1984,9178070-9180053,228,687,5.82159423828125,55,8,Glyma.08G118800.1,26479.406200000016,SlGSTU5,+
Gene (bp),CDS Coord (5' to 3'),PP (aa),CDS (bp),pI,SL No,Chr. No,Locus,MW (kDa),Gene Name,Strand
1489,16572687-16574175,226,681,5.43231201171875,57,7,Glyma.07G139600.1,26072.8722,SlGSTU5,+
Gene (bp),CDS Coord (5' to 3'),PP (aa),CDS (bp),pI,SL No,Chr. No,Locus,MW (kDa),Gene Name,Strand
769,13975768-13976536,204,615,8.93560791015625,58,8,Glyma.08G175000.1,23774.623300000017,SlGSTU5,-
Gene (bp),CDS Coord (5' to 3'),PP (aa),CDS (bp),pI,SL No,Chr. No,Locus,MW (kDa),Gene Name,Strand
1302,16607286-16608587,99,300,6.72332763671875,59,7,Glyma.07G140300.1,11308.065899999989,SlGSTU5,+
Gene (bp),CDS Coord (5' to 3'),PP (aa),CDS (bp),pI,SL No,Chr. No,Locus,MW (kDa),Gene Name,Strand
3502,9180535-9184036,285,858,7.68426513671875,60,8,Glyma.08G118900.1,32588.470200000065,SlGSTU5,+
Gene (bp),CDS Coord (5' to 3'),PP (aa),CDS (bp),pI,SL No,Chr. No,Locus,MW (kDa),Gene Name,Strand
3250,50911211-50914460,213,642,5.98089599609375,61,10,Glyma.10G291100.1,23448.763900000027,SlGSTU5,-
Gene (bp),CDS Coord (5' to 3'),PP (aa),CDS (bp),pI,SL No,Chr. No,Locus,MW (kDa),Gene Name,Strand
1526,16580992-16582517,225,678,5.38690185546875,62,7,Glyma.07G139700.1,26010.650400000006,SlGSTU5,+
Gene (bp),CDS Coord (5' to 3'),PP (aa),CDS (bp),pI,SL No,Chr. No,Locus,MW (kDa),Gene Name,Strand
1568,41498938-41500505,73,222,6.26458740234375,64,15,Glyma.15G225800.1,8026.911199999997,SlGSTU5,-
Gene (bp),CDS Coord (5' to 3'),PP (aa),CDS (bp),pI,SL No,Chr. No,Locus,MW (kDa),Gene Name,Strand
1374,2197188-2198561,232,699,5.27386474609375,65,2,Glyma.02G024800.1,26333.86300000001,SlGSTU5,-
Gene (bp),CDS Coord (5' to 3'),PP (aa),CDS (bp),pI,SL No,Chr. No,Locus,MW (kDa),Gene Name,Strand
2175,35856497-35858671,219,660,5.68841552734375,66,1,Glyma.01G106000.1,25030.54730000001,SlGSTU5,+
Gene (bp),CDS Coord (5' to 3'),PP (aa),CDS (bp),pI,SL No,Chr. No,Locus,MW (kDa),Gene Name,Strand
Gene (bp),CDS Coord (5' to 3'),PP (aa),CDS (bp),pI,SL No,Chr. No,Locus,MW (kDa),Gene Name,Strand
2437,11324214-11326650,226,681,6.33135986328125,68,4,Glyma.04G107600.2,25941.355800000016,SlGSTU5,+
Gene (bp),CDS Coord (5' to 3'),PP (aa),CDS (bp),pI,SL No,Chr. No,Locus,MW (kDa),Gene Name,Strand
4568,11324214-11328781,226,681,6.33135986328125,67,4,Glyma.04G107600.1,25941.355800000016,SlGSTU5,+
Gene (bp),CDS Coord (5' to 3'),PP (aa),CDS (bp),pI,SL No,Chr. No,Locus,MW (kDa),Gene Name,Strand
1361,4341457-4342817,96,291,4.43109130859375,69,1,Glyma.01G040100.1,11205.604599999995,SlGSTU5,+
Gene (bp),CDS Coord (5' to 3'),PP (aa),CDS (bp),pI,SL No,Chr. No,Locus,MW (kDa),Gene Name,Strand
1169,16645038-16646206,199,600,5.70220947265625,70,7,Glyma.07G140500.1,22812.111800000002,SlGSTU5,+
Gene (bp),CDS Coord (5' to 3'),PP (aa),CDS (bp),pI,SL No,Chr. No,Locus,MW (kDa),Gene Name,Strand
2218,47997117-47999334,220,663,5.54754638671875,71,15,Glyma.15G251700.1,26072.507900000022,SlGSTU5,+
Gene (bp),CDS Coord (5' to 3'),PP (aa),CDS (bp),pI,SL No,Chr. No,Locus,MW (kDa),Gene Name,Strand
6807,2184460-2191266,232,699,5.01800537109375,72,2,Glyma.02G024600.1,26196.69240000001,SlGSTU5,-
Gene (bp),CDS Coord (5' to 3'),PP (aa),CDS (bp),pI,SL No,Chr. No,Locus,MW (kDa),Gene Name,Strand
2030,35881007-35883036,226,681,6.61175537109375,73,1,Glyma.01G106100.1,25870.38710000001,SlGSTU5,+
Gene (bp),CDS Coord (5' to 3'),PP (aa),CDS (bp),pI,SL No,Chr. No,Locus,MW (kDa),Gene Name,Strand
1845,35308516-35310360,224,675,6.23553466796875,74,5,Glyma.05G161600.1,25889.552000000025,SlGSTU5,+
Gene (bp),CDS Coord (5' to 3'),PP (aa),CDS (bp),pI,SL No,Chr. No,Locus,MW (kDa),Gene Name,Strand
1823,4336374-4338196,235,708,5.76934814453125,75,1,Glyma.01G040000.1,26686.324900000003,SlGSTU5,+
Gene (bp),CDS Coord (5' to 3'),PP (aa),CDS (bp),pI,SL No,Chr. No,Locus,MW (kDa),Gene Name,Strand
1784,45934711-45936494,222,669,5.89166259765625,76,18,Glyma.18G190300.1,25560.233200000002,SlGSTU5,+
Gene (bp),CDS Coord (5' to 3'),PP (aa),CDS (bp),pI,SL No,Chr. No,Locus,MW (kDa),Gene Name,Strand
1610,4345723-4347332,234,705,5.10028076171875,77,1,Glyma.01G040200.1,26462.9456,SlGSTU5,+
Gene (bp),CDS Coord (5' to 3'),PP (aa),CDS (bp),pI,SL No,Chr. No,Locus,MW (kDa),Gene Name,Strand
523,9293211-9293733,124,375,8.95001220703125,78,2,Glyma.02G099400.1,14659.976999999995,SlGSTU5,+
Gene (bp),CDS Coord (5' to 3'),PP (aa),CDS (bp),pI,SL No,Chr. No,Locus,MW (kDa),Gene Name,Strand
1330,45905249-45906578,225,678,5.70452880859375,79,18,Glyma.18G190200.1,25901.637300000002,SlGSTU5,+
Gene (bp),CDS Coord (5' to 3'),PP (aa),CDS (bp),pI,SL No,Chr. No,Locus,MW (kDa),Gene Name,Strand
2013,48000297-48002309,219,660,5.23480224609375,80,15,Glyma.15G251800.1,25609.118500000026,SlGSTU5,+
Gene (bp),CDS Coord (5' to 3'),PP (aa),CDS (bp),pI,SL No,Chr. No,Locus,MW (kDa),Gene Name,Strand
1554,13969733-13971286,222,669,5.01800537109375,81,8,Glyma.08G174900.1,25980.475800000015,SlGSTU5,+
Gene (bp),CDS Coord (5' to 3'),PP (aa),CDS (bp),pI,SL No,Chr. No,Locus,MW (kDa),Gene Name,Strand
1635,42491218-42492852,216,651,6.15118408203125,82,8,Glyma.08G306900.1,25724.233800000024,SlGSTU5,+
Gene (bp),CDS Coord (5' to 3'),PP (aa),CDS (bp),pI,SL No,Chr. No,Locus,MW (kDa),Gene Name,Strand
1579,13981187-13982765,219,660,5.72882080078125,83,8,Glyma.08G175200.1,25578.21570000002,SlGSTU5,-
Gene (bp),CDS Coord (5' to 3'),PP (aa),CDS (bp),pI,SL No,Chr. No,Locus,MW (kDa),Gene Name,Strand
1575,46026048-46027622,225,678,5.58551025390625,84,18,Glyma.18G190500.1,25695.287200000006,SlGSTU5,+
Gene (bp),CDS Coord (5' to 3'),PP (aa),CDS (bp),pI,SL No,Chr. No,Locus,MW (kDa),Gene Name,Strand
1583,47966984-47968566,216,651,5.58612060546875,85,15,Glyma.15G251500.1,25056.65090000001,SlGSTU5,+
Gene (bp),CDS Coord (5' to 3'),PP (aa),CDS (bp),pI,SL No,Chr. No,Locus,MW (kDa),Gene Name,Strand
2987,24802768-24805754,239,720,5.34368896484375,86,13,Glyma.13G135600.1,27210.675200000005,SlGSTU5,+
Gene (bp),CDS Coord (5' to 3'),PP (aa),CDS (bp),pI,SL No,Chr. No,Locus,MW (kDa),Gene Name,Strand
1512,27589528-27591039,221,666,6.60614013671875,87,11,Glyma.11G198500.1,25626.268400000008,SlGSTU5,+
Gene (bp),CDS Coord (5' to 3'),PP (aa),CDS (bp),pI,SL No,Chr. No,Locus,MW (kDa),Gene Name,Strand
2493,47994624-47997116,219,660,6.24005126953125,88,15,Glyma.15G251600.1,25558.312200000015,SlGSTU5,+
Gene (bp),CDS Coord (5' to 3'),PP (aa),CDS (bp),pI,SL No,Chr. No,Locus,MW (kDa),Gene Name,Strand
1734,34515865-34517598,225,678,5.40447998046875,89,2,Glyma.02G187200.1,25525.06560000001,SlGSTU5,-
Gene (bp),CDS Coord (5' to 3'),PP (aa),CDS (bp),pI,SL No,Chr. No,Locus,MW (kDa),Gene Name,Strand
1222,8814118-8815339,113,342,5.41009521484375,90,4,Glyma.04G097200.1,12745.621699999982,SlGSTU5,+
Gene (bp),CDS Coord (5' to 3'),PP (aa),CDS (bp),pI,SL No,Chr. No,Locus,MW (kDa),Gene Name,Strand
273,29278743-29279015,90,273,5.07232666015625,91,14,Glyma.14G143600.1,10290.84249999999,SlGSTU5,-
Gene (bp),CDS Coord (5' to 3'),PP (aa),CDS (bp),pI,SL No,Chr. No,Locus,MW (kDa),Gene Name,Strand
1873,2193722-2195594,134,405,4.96881103515625,92,2,Glyma.02G024700.1,15478.50999999999,SlGSTU5,-
Gene (bp),CDS Coord (5' to 3'),PP (aa),CDS (bp),pI,SL No,Chr. No,Locus,MW (kDa),Gene Name,Strand
1352,47533732-47535083,221,666,5.60906982421875,93,14,Glyma.14G210100.1,25153.406400000007,SlGSTU5,-
Gene (bp),CDS Coord (5' to 3'),PP (aa),CDS (bp),pI,SL No,Chr. No,Locus,MW (kDa),Gene Name,Strand
3083,16585255-16588337,225,678,5.18560791015625,94,7,Glyma.07G139800.1,26021.671600000016,SlGSTU5,+
Gene (bp),CDS Coord (5' to 3'),PP (aa),CDS (bp),pI,SL No,Chr. No,Locus,MW (kDa),Gene Name,Strand
1398,16662591-16663988,225,678,5.82525634765625,95,7,Glyma.07G140700.1,25867.45410000001,SlGSTU5,+
Gene (bp),CDS Coord (5' to 3'),PP (aa),CDS (bp),pI,SL No,Chr. No,Locus,MW (kDa),Gene Name,Strand
1327,48010300-48011626,171,516,6.11004638671875,96,15,Glyma.15G252000.1,20105.855200000013,SlGSTU5,-
Gene (bp),CDS Coord (5' to 3'),PP (aa),CDS (bp),pI,SL No,Chr. No,Locus,MW (kDa),Gene Name,Strand
1196,46030172-46031367,166,501,6.23358154296875,97,18,Glyma.18G190600.1,18874.625499999995,SlGSTU5,+
Gene (bp),CDS Coord (5' to 3'),PP (aa),CDS (bp),pI,SL No,Chr. No,Locus,MW (kDa),Gene Name,Strand
2611,164511-167121,420,1263,6.10003662109375,99,17,Glyma.17G001400.4,47742.27150000002,SlGSTU5,+
Gene (bp),CDS Coord (5' to 3'),PP (aa),CDS (bp),pI,SL No,Chr. No,Locus,MW (kDa),Gene Name,Strand
2738,164384-167121,384,1155,5.99993896484375,100,17,Glyma.17G001400.3,43806.81140000002,SlGSTU5,+
Gene (bp),CDS Coord (5' to 3'),PP (aa),CDS (bp),pI,SL No,Chr. No,Locus,MW (kDa),Gene Name,Strand
2738,164384-167121,384,1155,5.99993896484375,101,17,Glyma.17G001400.2,43806.81140000002,SlGSTU5,+
Gene (bp),CDS Coord (5' to 3'),PP (aa),CDS (bp),pI,SL No,Chr. No,Locus,MW (kDa),Gene Name,Strand
2738,164384-167121,420,1263,6.10003662109375,98,17,Glyma.17G001400.1,47742.27150000002,SlGSTU5,+
Gene (bp),CDS Coord (5' to 3'),PP (aa),CDS (bp),pI,SL No,Chr. No,Locus,MW (kDa),Gene Name,Strand
1942,13957809-13959750,219,660,5.56866455078125,103,8,Glyma.08G174700.1,25653.255500000014,SlGSTU5,-
Gene (bp),CDS Coord (5' to 3'),PP (aa),CDS (bp),pI,SL No,Chr. No,Locus,MW (kDa),Gene Name,Strand
645,7880517-7881161,156,471,5.34088134765625,104,6,Glyma.06G099000.1,18008.65200000001,SlGSTU5,+
Gene (bp),CDS Coord (5' to 3'),PP (aa),CDS (bp),pI,SL No,Chr. No,Locus,MW (kDa),Gene Name,Strand
162,48037664-48037825,53,162,9.15594482421875,105,15,Glyma.15G252300.1,6305.3106,SlGSTU5,+
Gene (bp),CDS Coord (5' to 3'),PP (aa),CDS (bp),pI,SL No,Chr. No,Locus,MW (kDa),Gene Name,Strand
1514,43506736-43508249,247,744,9.21746826171875,106,20,Glyma.20G197600.1,29511.328400000057,SlGSTU5,+
Gene (bp),CDS Coord (5' to 3'),PP (aa),CDS (bp),pI,SL No,Chr. No,Locus,MW (kDa),Gene Name,Strand
Gene (bp),CDS Coord (5' to 3'),PP (aa),CDS (bp),pI,SL No,Chr. No,Locus,MW (kDa),Gene Name,Strand
1783,16641496-16643278,225,678,5.51885986328125,2,7,Glyma.07G140400.2,25852.39310000001,SlGSTU5,+
Gene (bp),CDS Coord (5' to 3'),PP (aa),CDS (bp),pI,SL No,Chr. No,Locus,MW (kDa),Gene Name,Strand
2150,16641129-16643278,225,678,5.51885986328125,1,7,Glyma.07G140400.1,25852.39310000001,SlGSTU5,+
